code,year,0. Crop production index,3. Agricultural land area (sq. km),5. Average precipitation (mm per year),7. Fertilizer consumption (kilograms per hectare of arable land),13. Population,17. Employment in agriculture (% of total employment) (modeled ILO estimate)
AGO,2014,94.0,456740.00005360995,1010.0,9.056087824,27128337.0,57.5996382189249
AGO,2015,100.89,457890.00001745,1010.0,7.694993171,28127721.0,56.8499019175073
AGO,2016,105.11,458239.99994681997,1010.0,6.635911726,29154746.0,56.2217533928862
AGO,2017,104.58,457720.00000545004,1010.0,9.773157698,30208628.0,55.3202787713785
AGO,2018,107.34,457919.99998290004,1010.0,7.103552361,31273533.0,54.4014880039501
AGO,2019,109.43,458770.0000429,1010.0,6.652424016,32353588.0,53.4233279860809
AGO,2020,115.08,458919.99999482,1010.0,7.849204545,33428486.0,55.1641528611982
AGO,2021,116.22,458970.00002035,1010.0,5.606854644,34503774.0,56.7075062685015
