code,year,0. Crop production index,4. Agriculture land area (% of land area),5. Average precipitation (mm per year),7. Fertilizer consumption (kilograms per hectare of arable land),13. Population,17. Employment in agriculture (% of total employment) (modeled ILO estimate)
BDI,2014,101.22,74.53271028,1274.0,12.00570768,10494913.0,86.1850296958625
BDI,2015,95.57,75.58411215,1274.0,9.028429603,10727148.0,86.3175202353467
BDI,2016,103.21,76.63551402,1274.0,15.24191189,10903327.0,86.3016525981486
BDI,2017,97.88,77.68691589,1274.0,18.33214286,11155593.0,86.3098499663886
BDI,2018,116.23,78.73831776,1274.0,24.00093356,11493472.0,85.990346911932
BDI,2019,127.71,79.78971963,1274.0,19.92141447,11874838.0,85.5939222019675
BDI,2020,115.26,80.8411215,1274.0,19.48868866,12220227.0,85.3194885434515
BDI,2021,118.07,81.89252336,1274.0,19.0743622,12551213.0,85.3131341868726
