code,year,0. Crop production index,3. Agricultural land area (sq. km),5. Average precipitation (mm per year),7. Fertilizer consumption (kilograms per hectare of arable land),13. Population,17. Employment in agriculture (% of total employment) (modeled ILO estimate)
BEN,2014,103.67,39500.000004104004,1039.0,8.086548148,10614844.0,37.5464980041364
BEN,2015,92.24,39500.000004104004,1039.0,0.133233333,10932783.0,35.995972573273
BEN,2016,104.08,39500.000004104004,1039.0,9.949325,11260085.0,34.393577729914
BEN,2017,110.4,39500.000004104004,1039.0,0.016396429,11596779.0,32.4626649593544
BEN,2018,117.28,39500.000004104004,1039.0,36.64275357,11940683.0,30.6130256552985
BEN,2019,124.87,39500.000004104004,1039.0,55.46367143,12290444.0,29.5722965199554
BEN,2020,122.58,39500.000004104004,1039.0,40.21205714,12643123.0,29.4486817255553
BEN,2021,129.62,39500.000004104004,1039.0,40.70601786,12996895.0,29.0592939876807
