code,year,0. Crop production index,3. Agricultural land area (sq. km),5. Average precipitation (mm per year),7. Fertilizer consumption (kilograms per hectare of arable land),13. Population,17. Employment in agriculture (% of total employment) (modeled ILO estimate)
BFA,2014,99.64,118500.00000336,748.0,17.54779742,18169842.0,77.297957398067
BFA,2015,98.08,119859.99999407999,748.0,17.68446616,18718019.0,76.8522796733696
BFA,2016,102.28,121019.99999904,748.0,23.23747777,19275498.0,76.356724859785
BFA,2017,95.51,122170.00000608001,748.0,19.07376596,19835858.0,75.8100471503917
BFA,2018,107.71,124130.0000088,748.0,18.13724583,20392723.0,75.2887035785019
BFA,2019,116.48,125190.0000072,748.0,9.688458284,20951639.0,74.6715418053777
BFA,2020,123.49,126140.00000111999,748.0,17.16969687,21522626.0,74.8001390763192
BFA,2021,111.24,127400.00001263998,748.0,11.91105574,22100683.0,74.58013935384
