code,year,0. Crop production index,3. Agricultural land area (sq. km),5. Average precipitation (mm per year),7. Fertilizer consumption (kilograms per hectare of arable land),13. Population,17. Employment in agriculture (% of total employment) (modeled ILO estimate)
BWA,2014,93.14,260039.999992896,416.0,57.84328358,2260376.0,19.2971740534448
BWA,2015,104.08,258616.000021077,416.0,66.03293529,2305171.0,18.6418067143974
BWA,2016,102.78,258616.000021077,416.0,46.92161017,2352416.0,17.6563407290239
BWA,2017,101.74,258616.000021077,416.0,33.1837057,2401840.0,16.6935507997926
BWA,2018,135.06,258616.000021077,416.0,58.23058552,2451409.0,15.7782497988684
BWA,2019,115.41,258620.00000141698,416.0,51.29111538,2499702.0,14.888698025743
BWA,2020,179.04,258620.00000141698,416.0,66.19461538,2546402.0,19.4434051241347
BWA,2021,147.63,258620.00000141698,416.0,59.26661538,2588423.0,17.5934527088215
