code,year,0. Crop production index,3. Agricultural land area (sq. km),5. Average precipitation (mm per year),7. Fertilizer consumption (kilograms per hectare of arable land),13. Population,17. Employment in agriculture (% of total employment) (modeled ILO estimate)
COG,2014,100.98,106270.0000126,1646.0,1.885836364,4944861.0,32.4198659439325
COG,2015,100.53,106270.0000126,1646.0,4.131963636,5064386.0,32.0741142977316
COG,2016,98.49,106270.0000126,1646.0,2.167981818,5186824.0,32.1425438623585
COG,2017,99.12,106279.99998635,1646.0,2.309054545,5312340.0,32.4756079342079
COG,2018,100.7,106310.00001005002,1646.0,4.214654545,5441062.0,33.001527532664
COG,2019,100.5,106329.9999917,1646.0,4.2566,5570733.0,32.659529065574
COG,2020,101.45,106390.00000495,1646.0,9.957709091,5702174.0,32.9997056909616
COG,2021,104.78,106780.00000569999,1646.0,9.746709091,5835806.0,32.8034331435309
