code,year,0. Crop production index,3. Land area,4. Agriculture land area (% of land area),5. Average precipitation (mm per year),7. Fertilizer consumption (kilograms per hectare of arable land),13. Population,17. Employment in agriculture (% of total employment) (modeled ILO estimate)
CPV,2015,101.41,4030.0,19.60297767,228.0,3.0346,552166.0,15.76179647527
CPV,2016,98.06,4030.0,19.60297767,228.0,3.0816,558394.0,14.7118964486198
CPV,2017,91.26,4030.0,19.60297767,228.0,3.9134,564954.0,13.6167403600925
CPV,2018,72.04,4030.0,19.60297767,228.0,4.07,571202.0,11.8382835657588
CPV,2019,70.18,4030.0,19.60297767,228.0,4.0876,577030.0,10.6044463385184
CPV,2020,69.34,4030.0,19.60297767,228.0,5.6728,582640.0,10.743090600802
CPV,2021,70.52,4030.0,19.60297767,228.0,5.373,587925.0,10.5378314239351
