code,year,0. Crop production index,4. Agriculture land area (% of land area),5. Average precipitation (mm per year),7. Fertilizer consumption (kilograms per hectare of arable land),13. Population,17. Employment in agriculture (% of total employment) (modeled ILO estimate)
DJI,2014,98.53,73.45987921,220.0,19.05,989087.0,1.51103129810159
DJI,2015,101.23,73.45987921,220.0,18.59,1006259.0,1.44247338442354
DJI,2016,100.24,73.45987921,220.0,21.47,1023261.0,1.3740261963873
DJI,2017,123.49,73.45987921,220.0,24.38,1040233.0,1.32384844961705
DJI,2018,137.16,73.45987921,220.0,23.22,1057198.0,1.27691375241996
DJI,2019,160.68,73.46419327,220.0,24.47,1073994.0,1.23081010523398
DJI,2020,169.14,73.50733391,220.0,17.2,1090156.0,1.2320908475773
DJI,2021,150.47,73.50733391,220.0,17.2,1105557.0,1.20934689495134
