code,year,0. Crop production index,3. Agricultural land area (sq. km),5. Average precipitation (mm per year),7. Fertilizer consumption (kilograms per hectare of arable land),13. Population,17. Employment in agriculture (% of total employment) (modeled ILO estimate)
DZA,2014,94.93,414310.00009230996,89.0,25.50405655,38760168.0,9.74631397641877
DZA,2015,101.74,414563.9999941221,89.0,23.53224963,39543154.0,8.83476688460494
DZA,2016,103.33,413602.00003742793,89.0,21.02860539,40339329.0,8.53515461678069
DZA,2017,104.4,413351.4080162021,89.0,20.8411217,41136546.0,10.1612902922086
DZA,2018,115.36,413388.4960107058,89.0,20.75805262,41927007.0,10.0921269795812
DZA,2019,121.01,413160.7101122515,89.0,20.67564338,42705368.0,9.79844155538574
DZA,2020,120.95,413160.7101122515,89.0,20.67564338,43451666.0,10.0237908954664
DZA,2021,108.76,413160.7101122515,89.0,20.67564338,44177969.0,10.0330984152051
