code,year,0. Crop production index,4. Agriculture land area (% of land area),5. Average precipitation (mm per year),7. Fertilizer consumption (kilograms per hectare of arable land),13. Population,17. Employment in agriculture (% of total employment) (modeled ILO estimate)
EGY,2014,99.07,3.73217138,18.1,546.9682106,95592324.0,27.5477652732057
EGY,2015,101.99,3.807199859,18.1,569.4591719,97723799.0,25.8150814968524
EGY,2016,98.94,3.750831684,18.1,568.0420749,99784030.0,25.5738276569078
EGY,2017,100.63,3.854506806,18.1,574.1819761,101789386.0,25.0617913715008
EGY,2018,96.26,3.880656989,18.1,535.2902591,103740765.0,21.6811970850412
EGY,2019,101.22,3.939926666,18.1,504.7219633,105618671.0,21.1580253700445
EGY,2020,101.83,3.989150635,18.1,496.1367013,107465134.0,20.3791302322271
EGY,2021,104.17,4.049424883,18.1,542.5739357,109262178.0,19.2891709055222
