code,year,0. Crop production index,4. Agriculture land area (% of land area),5. Average precipitation (mm per year),7. Fertilizer consumption (kilograms per hectare of arable land),13. Population,17. Employment in agriculture (% of total employment) (modeled ILO estimate)
ERI,2014,100.72,62.72504375,384.0,1.458115942,3323425.0,65.4627286820396
ERI,2015,99.32,62.69780167,384.0,1.470608696,3340006.0,66.4994411411233
ERI,2016,99.96,62.70366146,384.0,2.787304348,3365287.0,65.5735693787775
ERI,2017,100.67,62.70688595,384.0,2.571536232,3396933.0,66.1385120512983
ERI,2018,100.48,62.7035294,384.0,6.799724638,3445374.0,65.0640396216267
ERI,2019,100.24,62.70206281,384.0,5.986637681,3498818.0,64.321330736988
ERI,2020,100.42,62.72263717,384.0,5.058304348,3555868.0,64.6733038661742
ERI,2021,100.35,62.72263717,384.0,3.002,3620312.0,64.4483906431902
