code,year,0. Crop production index,3. Agricultural land area (sq. km),5. Average precipitation (mm per year),7. Fertilizer consumption (kilograms per hectare of arable land),13. Population,17. Employment in agriculture (% of total employment) (modeled ILO estimate)
GIN,2014,95.56,145330.000005416,1651.0,1.023087097,11333365.0,64.2843287073406
GIN,2015,100.14,145449.99999662,1651.0,0.912825806,11625998.0,63.49849630949
GIN,2016,104.3,145650.000006532,1651.0,0.757741935,11930985.0,62.7356629716857
GIN,2017,110.06,145949.999996828,1651.0,8.512222581,12240789.0,62.127292467437
GIN,2018,115.09,146220.000007752,1651.0,6.857345161,12554864.0,61.3955358106945
GIN,2019,124.24,146300.00000188802,1651.0,6.857345161,12877539.0,60.9817962744553
GIN,2020,136.83,146349.99999208,1651.0,6.857345161,13205153.0,61.215265730538
GIN,2021,143.63,146379.999996024,1651.0,6.857345161,13531906.0,60.8798312109561
