code,year,0. Crop production index,3. Agricultural land area (sq. km),5. Average precipitation (mm per year),7. Fertilizer consumption (kilograms per hectare of arable land),13. Population,17. Employment in agriculture (% of total employment) (modeled ILO estimate)
GNB,2014,93.88,7813.4600006440005,1577.0,15.60166667,1743309.0,55.4488426466283
GNB,2015,101.55,7897.899999232,1577.0,15.93166667,1788919.0,55.1904778169881
GNB,2016,104.57,7982.299999932001,1577.0,21.02833333,1834552.0,54.4062673428714
GNB,2017,105.68,8066.700000632,1577.0,27.29833333,1879826.0,53.9284891676941
GNB,2018,109.52,8151.100001332001,1577.0,26.18,1924955.0,51.8790482539526
GNB,2019,115.72,8151.100001332001,1577.0,28.47166667,1970457.0,51.0756789868737
GNB,2020,121.08,8151.100001332001,1577.0,31.71666667,2015828.0,51.1843361384782
GNB,2021,126.14,8151.100001332001,1577.0,31.71666667,2060721.0,50.9119959622249
