code,year,0. Crop production index,4. Agriculture land area (% of land area),5. Average precipitation (mm per year),7. Fertilizer consumption (kilograms per hectare of arable land),13. Population,17. Employment in agriculture (% of total employment) (modeled ILO estimate)
GNQ,2014,97.57,3.713012478,2156.0,15.155,1295183.0,54.52854646903
GNQ,2015,102.64,3.717647059,2156.0,18.31814815,1346973.0,54.9164361865589
GNQ,2016,99.78,3.72228164,2156.0,15.12037037,1398927.0,55.3355579089598
GNQ,2017,101.97,3.726916221,2156.0,19.5837037,1450694.0,55.7352427986448
GNQ,2018,103.27,3.731550802,2156.0,16.60425926,1502091.0,55.4000243403031
GNQ,2019,105.27,3.736185383,2156.0,16.84339623,1553031.0,55.5768534888289
GNQ,2020,103.98,3.740463458,2156.0,18.39471698,1596049.0,56.0667586065992
GNQ,2021,103.56,3.740463458,2156.0,18.39471698,1634466.0,55.9862194851218
