code,year,0. Crop production index,1. Mean air temperature,4. Agriculture land area (% of land area)_x,4. Agriculture land area (% of land area)_y,5. Average precipitation (mm),7. Fertilizer consumption (kilograms per hectare of arable land)_x,7. Fertilizer consumption (kilograms per hectare of arable land)_y,13. Population_x,13. Population_y,17. Employment in agriculture (% of total employment) (modeled ILO estimate)_x,17. Employment in agriculture (% of total employment) (modeled ILO estimate)_y
LBR,2002,84.59,25.75,14.82114099,14.82114099,2297.57,7.79275,7.79275,3060599.0,3060599.0,51.2976220963373,51.2976220963373
LBR,2003,84.04,25.76,15.13546408,15.13546408,2348.52,8.67725,8.67725,3085173.0,3085173.0,53.021896148668,53.021896148668
LBR,2006,87.51,25.79,16.06935631,16.06935631,2387.49,11.685,11.685,3455397.0,3455397.0,50.7591451193298,50.7591451193298
LBR,2008,97.42,25.8,16.68627284,16.68627284,2283.36,7.82372093,7.82372093,3783887.0,3783887.0,49.1975944159694,49.1975944159694
LBR,2009,90.28,25.83,16.99679298,16.99679298,2318.51,7.827659574,7.827659574,3905066.0,3905066.0,48.2323209698238,48.2323209698238
LBR,2010,91.79,25.86,17.30725291,17.30725291,2309.14,12.41625,12.41625,4019956.0,4019956.0,47.3061268582341,47.3061268582341
LBR,2012,99.98,25.94,17.92604028,17.92604028,2362.24,11.4594,11.4594,4331740.0,4331740.0,44.8846559111217,44.8846559111217
LBR,2013,95.93,25.94,18.23662064,18.23662064,2297.17,11.9564,11.9564,4427313.0,4427313.0,43.4367755988557,43.4367755988557
LBR,2014,90.47,25.97,18.54623443,18.54623443,2306.41,12.0842,12.0842,4519398.0,4519398.0,42.8104478161898,42.8104478161898
