code,year,0. Crop production index,3. Agricultural land area (sq. km),5. Average precipitation (mm per year),7. Fertilizer consumption (kilograms per hectare of arable land),13. Population,17. Employment in agriculture (% of total employment) (modeled ILO estimate)
LBY,2014,100.06,153500.0000045448,56.0,22.91705233,6097764.0,10.4797852635819
LBY,2015,98.5,153500.0000045448,56.0,15.67295349,6192235.0,10.0197914039068
LBY,2016,101.44,153500.0000045448,56.0,15.6408314,6282196.0,9.99742295573097
LBY,2017,99.31,153500.0000045448,56.0,26.05164535,6378261.0,9.62885623381846
LBY,2018,99.17,153500.0000045448,56.0,16.41567442,6477793.0,9.48580888549064
LBY,2019,96.44,153500.0000045448,56.0,18.10996512,6569088.0,9.49431364623572
LBY,2020,99.85,153500.0000045448,56.0,18.48314535,6653942.0,9.62627067164773
LBY,2021,98.85,153500.0000045448,56.0,14.72384884,6735277.0,9.50077419983939
