code,year,0. Crop production index,4. Agriculture land area (% of land area),5. Average precipitation (mm per year),7. Fertilizer consumption (kilograms per hectare of arable land),13. Population,17. Employment in agriculture (% of total employment) (modeled ILO estimate)
LSO,2015,102.87,73.22134387,788.0,7.266712329,2118521.0,30.7773192047105
LSO,2016,82.89,77.60210804,788.0,5.578181818,2143872.0,30.2455670105807
LSO,2017,149.5,79.64426877,788.0,8.206280193,2170617.0,30.3008890169446
LSO,2018,132.65,80.14822134,788.0,15.77936175,2198017.0,30.297282810374
LSO,2019,86.25,80.13833992,788.0,7.820745921,2225702.0,29.8341971682511
LSO,2020,87.47,80.13833992,788.0,8.674149184,2254100.0,30.2210585674228
LSO,2021,119.14,80.13833992,788.0,8.286689977,2281454.0,29.9581895821633
