code,year,0. Crop production index,3. Agricultural land area (sq. km),5. Average precipitation (mm per year),7. Fertilizer consumption (kilograms per hectare of arable land),13. Population,17. Employment in agriculture (% of total employment) (modeled ILO estimate)
LSO,2015,102.87,22229.999998932002,788.0,7.266712329,2118521.0,30.7773192047105
LSO,2016,82.89,23560.000000944,788.0,5.578181818,2143872.0,30.2455670105807
LSO,2017,149.5,24179.999998572,788.0,8.206280193,2170617.0,30.3008890169446
LSO,2018,132.65,24332.999998824,788.0,15.77936175,2198017.0,30.297282810374
LSO,2019,86.25,24329.999999712003,788.0,7.820745921,2225702.0,29.8341971682511
LSO,2020,87.47,24329.999999712003,788.0,8.674149184,2254100.0,30.2210585674228
LSO,2021,119.14,24329.999999712003,788.0,8.286689977,2281454.0,29.9581895821633
