code,year,0. Crop production index,4. Agriculture land area (% of land area),5. Average precipitation (mm per year),7. Fertilizer consumption (kilograms per hectare of arable land),13. Population,17. Employment in agriculture (% of total employment) (modeled ILO estimate)
MDG,2014,101.75,70.29047783,1513.0,8.734476667,24215976.0,73.0968857266804
MDG,2015,98.43,70.29047783,1513.0,7.531023333,24850912.0,74.64428156637
MDG,2016,99.82,70.29047783,1513.0,5.988923333,25501941.0,73.9809314360574
MDG,2017,97.24,70.29047783,1513.0,12.99518667,26169542.0,73.3285308066143
MDG,2018,101.87,70.29047783,1513.0,12.60090667,26846541.0,72.7796980950079
MDG,2019,102.83,70.29047783,1513.0,11.94542,27533134.0,71.9196151923047
MDG,2020,103.99,70.29047783,1513.0,10.58036,28225177.0,71.6667729243647
MDG,2021,105.75,70.29047783,1513.0,3.33934,28915653.0,71.1895853059746
