code,year,0. Crop production index,4. Agriculture land area (% of land area),5. Average precipitation (mm per year),7. Fertilizer consumption (kilograms per hectare of arable land),13. Population,17. Employment in agriculture (% of total employment) (modeled ILO estimate)
MOZ,2014,102.31,51.49110099,1032.0,7.534084956,26038704.0,73.0994039296799
MOZ,2015,95.65,51.75360513,1032.0,4.558122124,26843246.0,72.1161954427756
MOZ,2016,102.04,52.1499911,1032.0,4.567656637,27696493.0,71.6786696245792
MOZ,2017,115.68,52.43190315,1032.0,5.138660177,28569441.0,71.5399790094014
MOZ,2018,135.99,52.66389277,1032.0,6.71119469,29423878.0,71.1739941178424
MOZ,2019,144.9,52.66389277,1032.0,10.79652212,30285595.0,70.7329477625203
MOZ,2020,139.32,52.66389277,1032.0,11.21368319,31178239.0,70.7831089071143
MOZ,2021,151.17,52.66389277,1032.0,12.25685487,32077072.0,70.5300619585439
