code,year,0. Crop production index,3. Agricultural land area (sq. km),5. Average precipitation (mm per year),7. Fertilizer consumption (kilograms per hectare of arable land),13. Population,17. Employment in agriculture (% of total employment) (modeled ILO estimate)
MOZ,2014,102.31,404915.719965162,1032.0,7.534084956,26038704.0,73.0994039296799
MOZ,2015,95.65,406980.000021294,1032.0,4.558122124,26843246.0,72.1161954427756
MOZ,2016,102.04,410097.10001218,1032.0,4.567656637,27696493.0,71.6786696245792
MOZ,2017,115.68,412313.99999096995,1032.0,5.138660177,28569441.0,71.5399790094014
MOZ,2018,135.99,414138.319964726,1032.0,6.71119469,29423878.0,71.1739941178424
MOZ,2019,144.9,414138.319964726,1032.0,10.79652212,30285595.0,70.7329477625203
MOZ,2020,139.32,414138.319964726,1032.0,11.21368319,31178239.0,70.7831089071143
MOZ,2021,151.17,414138.319964726,1032.0,12.25685487,32077072.0,70.5300619585439
