code,year,0. Crop production index,4. Agriculture land area (% of land area),5. Average precipitation (mm per year),7. Fertilizer consumption (kilograms per hectare of arable land),13. Population,17. Employment in agriculture (% of total employment) (modeled ILO estimate)
MRT,2014,108.91,38.52721451,92.0,7.772466667,3843174.0,34.3625765845646
MRT,2015,96.41,38.52721451,92.0,7.936866667,3946220.0,33.371520301812
MRT,2016,94.67,38.52721451,92.0,10.47593333,4051890.0,32.9270336568494
MRT,2017,111.63,38.52721451,92.0,13.59953333,4160015.0,31.9833835815056
MRT,2018,122.02,38.52721451,92.0,13.0424,4270712.0,33.1224877246015
MRT,2019,105.19,38.52721451,92.0,14.18406667,4383849.0,34.0103109228287
MRT,2020,116.02,38.52721451,92.0,15.80066667,4498604.0,34.0301855133506
MRT,2021,140.7,38.52721451,92.0,15.80044444,4614974.0,33.6992903863475
