code,year,0. Crop production index,4. Agriculture land area (% of land area),5. Average precipitation (mm per year),7. Fertilizer consumption (kilograms per hectare of arable land),13. Population,17. Employment in agriculture (% of total employment) (modeled ILO estimate)
MWI,2014,105.77,59.93848112,1181.0,39.76499861,16477966.0,65.4642428779803
MWI,2015,98.75,60.52184981,1181.0,41.99914387,16938942.0,64.9502045271495
MWI,2016,95.49,61.1158252,1181.0,23.76898707,17405624.0,64.4977930449492
MWI,2017,111.86,61.69919389,1181.0,33.99373772,17881167.0,63.9511100199574
MWI,2018,114.83,62.29316928,1181.0,34.3170259,18367883.0,63.3438790954749
MWI,2019,121.09,62.87653797,1181.0,30.24764054,18867337.0,62.8310910448912
MWI,2020,128.17,63.47051336,1181.0,98.1400788,19377061.0,62.9135436521367
MWI,2021,134.07,64.17055579,1181.0,96.7358825,19889742.0,62.628048329839
