code,year,0. Crop production index,4. Agriculture land area (% of land area),5. Average precipitation (mm per year),7. Fertilizer consumption (kilograms per hectare of arable land),13. Population,17. Employment in agriculture (% of total employment) (modeled ILO estimate)
NGA,2014,95.08,74.21522448,1150.0,8.957569179,179379016.0,38.0787295838553
NGA,2015,97.29,74.37333245,1150.0,7.965850902,183995785.0,37.9866994597698
NGA,2016,107.64,74.54242015,1150.0,10.73497467,188666931.0,38.2497955358821
NGA,2017,109.74,74.70492001,1150.0,20.29590708,193495907.0,38.5090630654193
NGA,2018,114.88,74.87290974,1150.0,18.84129599,198387623.0,38.6061835714137
NGA,2019,109.64,75.03760554,1150.0,18.61032762,203304492.0,38.5943125814827
NGA,2020,112.71,75.20339932,1150.0,18.61032762,208327405.0,38.7829189596075
NGA,2021,118.31,75.3691931,1150.0,18.61032762,213401323.0,38.5536134997117
