code,year,0. Crop production index,3. Agricultural land area (sq. km),5. Average precipitation (mm per year),7. Fertilizer consumption (kilograms per hectare of arable land),13. Population,17. Employment in agriculture (% of total employment) (modeled ILO estimate)
NGA,2014,95.08,675929.999996496,1150.0,8.957569179,179379016.0,38.0787295838553
NGA,2015,97.29,677369.9999548651,1150.0,7.965850902,183995785.0,37.9866994597698
NGA,2016,107.64,678910.000000155,1150.0,10.73497467,188666931.0,38.2497955358821
NGA,2017,109.74,680389.9999750769,1150.0,20.29590708,193495907.0,38.5090630654193
NGA,2018,114.88,681920.000038998,1150.0,18.84129599,198387623.0,38.6061835714137
NGA,2019,109.64,683419.999976658,1150.0,18.61032762,203304492.0,38.5943125814827
NGA,2020,112.71,684929.999986764,1150.0,18.61032762,208327405.0,38.7829189596075
NGA,2021,118.31,686439.99999687,1150.0,18.61032762,213401323.0,38.5536134997117
