code,year,0. Crop production index,4. Agriculture land area (% of land area),5. Average precipitation (mm per year),7. Fertilizer consumption (kilograms per hectare of arable land),13. Population,17. Employment in agriculture (% of total employment) (modeled ILO estimate)
RWA,2014,97.24,81.31333604,1212.0,11.26655012,11368451.0,68.4525528557143
RWA,2015,100.32,81.3538711,1212.0,17.60881211,11642959.0,63.6237590058222
RWA,2016,102.45,81.27280097,1212.0,8.772072981,11930899.0,58.5900584495692
RWA,2017,106.03,81.27280097,1212.0,17.39496509,12230339.0,53.0782027374815
RWA,2018,111.58,79.00283745,1212.0,14.92530364,12531808.0,50.097421997454
RWA,2019,114.9,77.17875963,1212.0,25.0389094,12835028.0,47.2697240744752
RWA,2020,116.33,79.39197406,1212.0,29.09804874,13146362.0,50.142419562221
RWA,2021,122.56,81.25091204,1212.0,23.90118259,13461888.0,56.2465530072676
