code,year,0. Crop production index,3. Agricultural land area (sq. km),5. Average precipitation (mm per year),7. Fertilizer consumption (kilograms per hectare of arable land),13. Population,17. Employment in agriculture (% of total employment) (modeled ILO estimate)
SDN,2014,106.91,1114449.6000644,250.0,4.200625935,37003245.0,43.2859542809493
SDN,2015,85.38,1117498.7999764,250.0,4.474324803,38171178.0,42.6888261552014
SDN,2016,107.7,1120548.0000752,250.0,9.38239637,39377169.0,41.8831406735805
SDN,2017,103.42,1123597.1999871999,250.0,8.338665398,40679828.0,41.3346221091028
SDN,2018,130.94,1126646.4000859999,250.0,7.103071993,41999059.0,41.1179954476934
SDN,2019,122.21,1126646.4000859999,250.0,7.103071993,43232093.0,40.8842873283954
SDN,2020,128.05,1126648.3999668,250.0,7.103071993,44440486.0,41.1455638396963
SDN,2021,116.62,1126648.3999668,250.0,7.103071993,45657202.0,40.9368070400243
