code,year,0. Crop production index,4. Agriculture land area (% of land area),5. Average precipitation (mm per year),7. Fertilizer consumption (kilograms per hectare of arable land),13. Population,17. Employment in agriculture (% of total employment) (modeled ILO estimate)
SEN,2014,80.07,46.60052979,686.0,11.38484848,13970308.0,32.9423247201574
SEN,2015,114.05,48.44959227,686.0,14.21887825,14356181.0,31.2548790712357
SEN,2016,105.88,48.24183244,686.0,19.10355402,14751356.0,34.3076159501918
SEN,2017,141.51,48.42362229,686.0,30.35460082,15157793.0,28.0995772285143
SEN,2018,166.28,48.60541214,686.0,14.66195652,15574909.0,22.2450356812797
SEN,2019,165.89,48.79758999,686.0,18.56559354,16000781.0,22.9897410974115
SEN,2020,203.82,48.97937984,686.0,21.565248,16436120.0,22.9859049033044
SEN,2021,198.07,49.40009349,686.0,8.839140992,16876720.0,22.2351929182761
