code,year,0. Crop production index,3. Agricultural land area (sq. km),5. Average precipitation (mm per year),7. Fertilizer consumption (kilograms per hectare of arable land),13. Population,17. Employment in agriculture (% of total employment) (modeled ILO estimate)
SLE,2014,110.39,39490.000002198,2526.0,9.396458333,7140688.0,57.6492457396606
SLE,2015,96.14,39490.000002198,2526.0,9.595208333,7314773.0,55.9482628834734
SLE,2016,93.47,39490.000002198,2526.0,12.66479167,7493913.0,52.4550339409082
SLE,2017,83.94,39490.000002198,2526.0,16.44104167,7677565.0,49.1580142082475
SLE,2018,89.0,39490.000002198,2526.0,15.7675,7861281.0,46.1947124060767
SLE,2019,77.42,39490.000002198,2526.0,17.14770833,8046828.0,44.8455326966228
SLE,2020,91.15,39490.000002198,2526.0,19.10208333,8233970.0,44.6089986475105
SLE,2021,133.47,39490.000002198,2526.0,2.666717172,8420641.0,44.0780166223607
