code,year,0. Crop production index,3. Agricultural land area (sq. km),5. Average precipitation (mm per year),7. Fertilizer consumption (kilograms per hectare of arable land),13. Population,17. Employment in agriculture (% of total employment) (modeled ILO estimate)
SOM,2014,101.08,441260.000008772,282.0,0.061009091,13309235.0,32.190664032058
SOM,2015,105.5,441260.000008772,282.0,0.043136364,13763906.0,30.2538168537017
SOM,2016,93.42,441260.000008772,282.0,0.735672727,14292847.0,29.1229108545061
SOM,2017,101.67,441260.000008772,282.0,1.091018182,14864221.0,28.7820614038733
SOM,2018,105.58,441260.000008772,282.0,0.892672727,15411094.0,27.8158468002066
SOM,2019,102.53,441269.9999965741,282.0,0.845409091,15981300.0,26.886132101658
SOM,2020,100.95,441279.99998437596,282.0,1.4177,16537016.0,26.7456959461377
SOM,2021,101.06,441289.999972178,282.0,1.071109091,17065581.0,26.4979386194074
