code,year,0. Crop production index,3. Agricultural land area (sq. km),5. Average precipitation (mm per year),7. Fertilizer consumption (kilograms per hectare of arable land),13. Population,17. Employment in agriculture (% of total employment) (modeled ILO estimate)
STP,2014,106.54,370.00000003199995,3200.0,46.7625,197497.0,20.0799387385368
STP,2015,88.87,370.00000003199995,3200.0,56.6525,201124.0,19.5214082699184
STP,2016,104.59,400.00000003199995,3200.0,46.87,204632.0,19.4296317647907
STP,2017,110.39,409.99999996800005,3200.0,60.845,208036.0,18.6871998440518
STP,2018,106.57,420.0,3200.0,51.7075,211344.0,18.1136343861481
STP,2019,106.22,420.0,3200.0,51.6,214599.0,17.761898249453
STP,2020,105.73,420.0,3200.0,57.0825,218641.0,17.7651993043953
STP,2021,106.25,420.0,3200.0,46.625,223107.0,17.5551425234798
