code,year,0. Crop production index,4. Agriculture land area (% of land area),5. Average precipitation (mm per year),7. Fertilizer consumption (kilograms per hectare of arable land),13. Population,17. Employment in agriculture (% of total employment) (modeled ILO estimate)
SWZ,2014,101.71,70.69767442,788.0,65.08305085,1125865.0,13.7459300014949
SWZ,2015,100.11,70.46511628,788.0,62.10960452,1133936.0,13.4427509346932
SWZ,2016,98.18,70.23255814,788.0,57.3220339,1142524.0,13.2046041118705
SWZ,2017,102.14,70.0,788.0,71.84576271,1151390.0,13.2081311840298
SWZ,2018,104.89,69.8255814,788.0,63.59096045,1160428.0,13.268379461572
SWZ,2019,106.06,69.59302326,788.0,63.33333333,1169613.0,13.3093342454341
SWZ,2020,105.5,69.47674419,788.0,61.95932203,1180655.0,13.5554123979136
SWZ,2021,105.66,69.47674419,788.0,57.77378531,1192271.0,13.6490853287543
