code,year,0. Crop production index,3. Agricultural land area (sq. km),5. Average precipitation (mm per year),7. Fertilizer consumption (kilograms per hectare of arable land),13. Population,17. Employment in agriculture (% of total employment) (modeled ILO estimate)
SWZ,2014,101.71,12160.00000024,788.0,65.08305085,1125865.0,13.7459300014949
SWZ,2015,100.11,12120.000000160002,788.0,62.10960452,1133936.0,13.4427509346932
SWZ,2016,98.18,12080.00000008,788.0,57.3220339,1142524.0,13.2046041118705
SWZ,2017,102.14,12040.0,788.0,71.84576271,1151390.0,13.2081311840298
SWZ,2018,104.89,12010.0000008,788.0,63.59096045,1160428.0,13.268379461572
SWZ,2019,106.06,11970.000000719998,788.0,63.33333333,1169613.0,13.3093342454341
SWZ,2020,105.5,11950.00000068,788.0,61.95932203,1180655.0,13.5554123979136
SWZ,2021,105.66,11950.00000068,788.0,57.77378531,1192271.0,13.6490853287543
