code,year,0. Crop production index,3. Agricultural land area (sq. km),5. Average precipitation (mm per year),7. Fertilizer consumption (kilograms per hectare of arable land),13. Population,17. Employment in agriculture (% of total employment) (modeled ILO estimate)
TCD,2014,100.74,502360.00003168004,322.0,2.483284615,13697126.0,71.7902876078102
TCD,2015,92.45,502369.99996847997,322.0,2.444782692,14140274.0,71.3166213530063
TCD,2016,106.81,503380.00000719994,322.0,2.409298113,14592585.0,71.4332991413351
TCD,2017,98.37,503380.00000719994,322.0,3.061577358,15085884.0,71.1376662217751
TCD,2018,103.38,503380.00000719994,322.0,3.008139623,15604210.0,70.3852898489783
TCD,2019,109.83,503380.00000719994,322.0,2.354316981,16126866.0,69.8421844901169
TCD,2020,105.9,503380.00000719994,322.0,2.244792453,16644701.0,69.766070717039
TCD,2021,101.49,503380.00000719994,322.0,2.244792453,17179740.0,69.5494386812508
