code,year,0. Crop production index,4. Agriculture land area (% of land area),5. Average precipitation (mm per year),7. Fertilizer consumption (kilograms per hectare of arable land),13. Population,17. Employment in agriculture (% of total employment) (modeled ILO estimate)
TGO,2014,102.38,70.2334988,1168.0,1.846203774,7288383.0,36.7908021349013
TGO,2015,97.1,70.2334988,1168.0,3.327215094,7473229.0,36.5414475402149
TGO,2016,100.52,70.2334988,1168.0,13.67818868,7661354.0,35.2297843782541
TGO,2017,105.63,70.2334988,1168.0,5.779388679,7852795.0,33.7922827633991
TGO,2018,111.28,70.2334988,1168.0,15.35684906,8046679.0,32.7946361569181
TGO,2019,112.96,70.2334988,1168.0,2.676037736,8243094.0,31.8447336550616
TGO,2020,112.72,70.2334988,1168.0,2.676037736,8442580.0,31.8040709820057
TGO,2021,115.76,70.2334988,1168.0,2.064833962,8644829.0,31.4288356289128
