code,year,0. Crop production index,3. Agricultural land area (sq. km),5. Average precipitation (mm per year),7. Fertilizer consumption (kilograms per hectare of arable land),13. Population,17. Employment in agriculture (% of total employment) (modeled ILO estimate)
TUN,2014,86.95,97609.999992352,207.0,45.7496136,11428948.0,14.8672966763635
TUN,2015,119.87,98339.999998464,207.0,53.11284047,11557779.0,14.7513386946901
TUN,2016,93.18,97025.999996784,207.0,61.9831487,11685667.0,14.7653815482021
TUN,2017,90.71,97428.99999939199,207.0,48.75522651,11811443.0,14.8123065617095
TUN,2018,118.98,97005.00000112,207.0,57.24626401,11933041.0,14.5300782654341
TUN,2019,106.36,97005.00000112,207.0,55.66652786,12049314.0,14.2704949854784
TUN,2020,131.04,97005.00000112,207.0,31.55652174,12161723.0,14.5174226869207
TUN,2021,102.89,97005.00000112,207.0,48.04885035,12262946.0,14.3885058596793
