code,year,0. Crop production index,4. Agriculture land area (% of land area),5. Average precipitation (mm per year),7. Fertilizer consumption (kilograms per hectare of arable land),13. Population,17. Employment in agriculture (% of total employment) (modeled ILO estimate)
UGA,2014,103.15,71.88809096,1180.0,1.819995652,36336539.0,70.4619093619478
UGA,2015,104.94,71.88809096,1180.0,1.586908696,37477356.0,70.8064627193933
UGA,2016,91.92,71.88809096,1180.0,1.910847826,38748299.0,70.9326839086149
UGA,2017,105.08,71.88809096,1180.0,2.062089855,40127085.0,70.7054804234444
UGA,2018,103.86,71.88809096,1180.0,3.295689855,41515395.0,69.6809504141751
UGA,2019,122.78,71.88809096,1180.0,3.366272464,42949080.0,68.5485100128596
UGA,2020,153.38,71.88809096,1180.0,2.442355072,44404611.0,67.9025520668588
UGA,2021,169.72,71.88809096,1180.0,2.442355072,45853778.0,66.6660646007305
