code,year,0. Crop production index,3. Agricultural land area (sq. km),5. Average precipitation (mm per year),7. Fertilizer consumption (kilograms per hectare of arable land),13. Population,17. Employment in agriculture (% of total employment) (modeled ILO estimate)
ZAF,2014,107.89,963409.999961652,495.0,66.49166667,54729551.0,13.9678699646258
ZAF,2015,100.68,963409.999961652,495.0,62.675,55876504.0,15.4376000469246
ZAF,2016,91.43,963409.999961652,495.0,57.25,56422274.0,16.017893309164
ZAF,2017,117.28,963409.999961652,495.0,72.825,56641209.0,16.7606304267509
ZAF,2018,111.94,963409.999961652,495.0,90.0905175,57339635.0,15.6552175241232
ZAF,2019,106.95,963409.999961652,495.0,91.7907675,58087055.0,16.3751677039212
ZAF,2020,119.28,963409.999961652,495.0,94.2536325,58801927.0,21.4174702282134
ZAF,2021,125.16,963409.999961652,495.0,104.6388233,59392255.0,21.2776947559809
