code,year,0. Crop production index,3. Agricultural land area (sq. km),5. Average precipitation (mm per year),7. Fertilizer consumption (kilograms per hectare of arable land),13. Population,17. Employment in agriculture (% of total employment) (modeled ILO estimate)
ZMB,2014,102.67,237379.99997975398,1020.0,51.83082703,15737793.0,61.7529485312501
ZMB,2015,91.35,237389.999987695,1020.0,57.42153514,16248230.0,60.6961951744941
ZMB,2016,105.97,237389.999987695,1020.0,65.7148973,16767761.0,59.8281669171
ZMB,2017,128.94,238389.99996406597,1020.0,72.05291579,17298054.0,58.9648087011436
ZMB,2018,117.61,238389.99996406597,1020.0,52.51333421,17835893.0,59.7779918724458
ZMB,2019,107.69,238389.99996406597,1020.0,67.5756,18380477.0,57.371855384141
ZMB,2020,129.22,238389.99996406597,1020.0,79.76403947,18927715.0,59.1117284151064
ZMB,2021,136.31,238389.99996406597,1020.0,63.90456053,19473125.0,57.7885084471863
